<?xml version="1.0" encoding="UTF-8"?>
<project-private xmlns="http://www.netbeans.org/ns/project-private/1">
    <editor-bookmarks xmlns="http://www.netbeans.org/ns/editor-bookmarks/2" lastBookmarkId="0"/>
    <open-files xmlns="http://www.netbeans.org/ns/projectui-open-files/2">
        <group>
            <file>file:/D:/xampp/htdocs/Ripley/LaPollaRipley-2015/app/controllers/HomeController.php</file>
            <file>file:/D:/xampp/htdocs/Ripley/LaPollaRipley-2015/public/js/funciones.js</file>
            <file>file:/D:/xampp/htdocs/Ripley/LaPollaRipley-2015/public/css/estilos.css</file>
            <file>file:/D:/xampp/htdocs/Ripley/LaPollaRipley-2015/app/views/index.blade.php</file>
        </group>
    </open-files>
</project-private>
